,algebraic connectivity (directed),algebraic connectivity (undirected),eigen gap (directed),eigen gap (undirected),node,essential
0,-7.582021828433927e-07,3.1638892513674577e-06,-1,-1,DM_5drib_c,True
1,-4.8567117405459714e-06,-0.09434481275388636,-1,-1,5DOAN,True
2,8.097400497633633e-06,1.6354339994473222e-06,-1,-1,ADD,False
3,-8.900601207943726e-06,-5.816586954490721e-06,-1,-1,ADPT,False
4,1.0997441895199689e-06,-0.09434481275389016,-1,-1,BTS5,True
5,9.865641373424383e-07,-0.09434481275388376,-1,-1,CDGS1,False
6,1.8678936511626332e-05,-6.516660188526924e-06,-1,-1,CPPPGOAN2,True
7,2.0184291758262862e-06,2.0542020412323003e-06,-1,-1,DHXFUTC,True
8,-8.435503945691813e-06,-2.791255541122195e-05,-1,-1,PUNP1,False
9,1.6582897278821784e-06,4.772217010173829e-07,-1,-1,TYRL,True
10,1.3105837639554307e-05,-5.897509613717045e-06,-1,-1,HXPRT,True
11,1.994786583102426e-06,-0.09434481275388718,-1,-1,MTAP,False
12,6.456449740635528e-06,-1.0328109862928203e-05,-1,-1,GUAPRT,False
13,-1.4487934611590036e-06,-1.1341542094825408e-05,-1,-1,ORPT,True
14,1.5771420092333677e-06,-0.00016024988928406425,-1,-1,PRPPS,True
15,8.028737699811161e-07,-0.09434481275388709,-1,-1,AMAOTr,False
16,-1.2683223959628065e-06,3.806690323196471e-06,-1,-1,BACCL,False
17,1.896380787042018e-06,3.607647763012589e-06,-1,-1,DBTS,False
18,-1.2151676393006017e-05,4.01126472968083e-07,-1,-1,DPLPTAT,False
19,2.437667562013579e-06,2.099395864416098e-06,-1,-1,I2FE2SR,False
20,-1.692141077175302e-06,3.3652848927534507e-06,-1,-1,I2FE2ST,True
21,-1.465399530160838e-05,8.469967327923156e-07,-1,-1,METAT,True
22,4.639141321677309e-06,9.510799436895923e-07,-1,-1,METOX1s,False
23,4.639141319706663e-06,9.510799436895923e-07,-1,-1,METOX2s,False
24,5.763863830873794e-07,1.5188918351949354e-06,-1,-1,METTRS,False
25,9.115410802285062e-07,1.067138718294225e-06,-1,-1,CPH4S,False
26,-6.395769813066776e-07,-0.0943448127538808,-1,-1,CCGS,False
27,1.5197347389278582e-06,2.974032554670103e-06,-1,-1,FLNDPR2r,False
28,1.5517570172568496e-07,-8.063439496899805e-06,-1,-1,POR5,False
29,2.740297183487228e-06,2.751728550784427e-06,-1,-1,4HBZR,False
30,2.2053599707874683e-06,-3.0431882803230725e-05,-1,-1,BCR6pp,False
31,3.929699303586998e-06,-0.0943448127538889,-1,-1,BUTAFDOR,False
32,2.618416928328038e-06,2.4749280667091256e-06,-1,-1,FRDPPCR2,False
33,2.6184169254553358e-06,2.4749280667091256e-06,-1,-1,FRNDPR2r,False
34,-4.644901016821745e-06,-3.7945296900571135e-06,-1,-1,GLUSz,False
35,3.937607474038818e-06,2.111316180455902e-06,-1,-1,HDR3,False
36,8.079396434020059e-05,1.7255759244549917e-06,-1,-1,IOR2b,False
37,8.078227172066826e-05,1.7512365745042668e-06,-1,-1,IOR3b,False
38,8.065585402606407e-05,1.5556657180365585e-06,-1,-1,IORb,False
39,-7.552408160832469e-06,-2.589530511035165e-06,-1,-1,MECDPDH4,True
40,1.1589367953715457e-06,1.7540640530055995e-06,-1,-1,NADFADOR,False
41,2.1241048433512377e-05,-0.01457291848099733,-1,-1,NIT1b,False
42,9.97462563906426e-07,-6.460422248388831e-06,-1,-1,OOR2r,False
43,1.7440332529677915e-06,-7.2481369559201925e-06,-1,-2,POR,False
44,4.159489172442243e-06,1.881586015523018e-06,-1,-1,POR3b,False
45,4.343327570016653e-06,-0.09434481275386232,-1,-1,PPAAFDOR,False
46,-2.1782643868720197e-06,2.5944858057791453e-06,-1,-1,PPPGO2,False
47,-3.8969466704744105e-06,2.3187537288998916e-06,-1,-1,PPPGO4,False
48,-8.575024021385824e-06,1.4591045923023627e-06,-1,-1,SULR3,False
49,1.3836195872064805e-05,1.4007412732358615e-06,-1,-1,UPPDC1,True
50,3.5760907310528056e-06,1.638117822763685e-06,-1,-1,VOR1b,False
51,1.8210803143792198e-06,1.3706952275843731e-06,-1,-1,VOR2b,False
52,9.78721698022128e-05,1.7519838962226641e-06,-1,-1,VOR3b,False
53,2.5760196204205332e-06,3.0612937432783482e-06,-1,-1,DHNAS,True
54,1.6247835531654764e-06,1.6092305158699194e-06,-1,-1,FUTH,True
55,-3.377396412066608e-05,1.812295196620961e-06,-1,-1,ADNK1,False
56,2.373924486048784e-05,-2.1068153230469067e-06,-1,-1,AHCi,True
57,2.284398882571037e-06,-4.7532854701867744e-05,-1,-1,PPM,False
58,-4.4276261603609646e-06,-5.768043762996444e-06,-1,-1,THZPSN3,True
59,-9.280428582211786e-07,-0.0943448127538787,-1,-1,TYRTA,True
60,-3.7923889794760912e-06,6.523182787127046e-07,-1,-1,ADSS,True
61,4.717970198804544e-06,-4.977463726685283e-06,-1,-1,FUTS,True
62,-2.485295929062492e-06,2.1421451730785357e-06,-1,-1,IMPC,True
63,2.701083120885961e-06,2.142053791204246e-06,-1,-1,IMPD,True
64,-2.87998924805577e-07,2.7305732443749786e-06,-1,-1,MTRI,False
65,1.056095519369471e-07,2.721207591885322e-06,-1,-1,SPMS,False
66,1.4539232055812978e-05,5.137078937095252e-07,-1,-1,ADOCBLS,True
67,2.3550174861608486e-07,-2.872379005286474e-06,-1,-1,ANPRT,True
68,2.688551924708016e-06,-7.217700884631917e-06,-1,-1,ATPPRT,True
69,3.3102274626939376e-07,8.75389376181479e-07,-1,-1,GK1,True
70,3.4791459748301223e-06,-5.365502883727946e-06,-1,-1,GLUPRT,True
71,1.4648398173312815e-05,-0.09434481275388032,-1,-1,GMPS2,True
72,4.82377299357295e-06,1.4044039544913733e-06,-1,-1,LDGUNPD,False
73,-3.4604074659674855e-06,-0.09434481275385512,-1,-1,NAMNPP,True
74,2.371011770543885e-06,-6.184575175496865e-06,-1,-1,NNDPR,True
75,1.7951122379261664e-06,1.783214087100471e-06,-1,-1,NTPP2,False
76,1.4039388236200545e-05,-0.09434481275387455,-1,-1,UPPRT,False
77,8.929642755430012e-06,-4.856932530605818e-07,-1,-1,DHORD5,True
78,5.330096319783317e-06,-4.505456117201434e-06,-1,-1,OMPDC,True
79,1.737993948452976e-06,-1.7792471585023617e-05,-1,-1,ADPRDP,False
80,1.7379939467321304e-06,-1.7792471585023617e-05,-1,-1,RBK,False
81,2.108803686985683e-06,-0.00027964623470129457,-1,-1,RPI,False
82,8.609802479436768e-07,-0.00013913861615504064,-1,-1,TKT1,False
83,-2.8050641674298715e-06,3.0055653921501335e-06,-1,-1,2AGPEAT140,False
84,-3.4308234899624312e-06,3.0232096510235396e-06,-1,-1,2AGPEAT160,False
85,-4.5337189256283716e-07,3.0119999544914178e-06,-1,-1,2AGPEAT161,False
86,1.1353855495152554e-06,3.625996130060538e-06,-1,-1,2AGPEAT181,False
87,-2.805064170795235e-06,3.00556538859742e-06,-1,-1,2AGPGAT140,False
88,-3.4308234866178844e-06,3.023209646096925e-06,-1,-1,2AGPGAT160,False
89,-4.627657137351582e-07,3.01414792418242e-06,-1,-1,2AGPGAT161,False
90,1.1325120820027124e-06,3.619450774219879e-06,-1,-1,2AGPGAT181,False
91,3.1233548435719016e-06,2.3628820775833947e-06,-1,-1,ACACT1r,False
92,2.3137571912162924e-06,1.0269802048351595e-06,-1,-1,ACACT2r,False
93,3.5230055608903577e-07,1.0506327502018964e-06,-1,-1,ACACT3r,False
94,3.483022772352018e-07,1.0506445917296547e-06,-1,-1,ACACT4r,False
95,3.477002138152496e-07,1.0507056902864242e-06,-1,-1,ACACT5r,False
96,-8.691425510201634e-07,1.5495379628721606e-06,-1,-1,ACACT6r,False
97,2.0168900917577615e-06,1.6652780235049125e-06,-1,-1,ACACT7r,False
98,7.799207501699157e-07,1.5326226977946389e-06,-1,-1,ACACT8r,False
99,-5.8571284719879935e-06,2.559004434840584e-06,-1,-1,ACCOAC,True
100,1.065054347029748e-05,-2.5682698776244295e-05,-1,-1,ACGS,False
101,-9.55168140207019e-07,5.04726489089502e-07,-1,-1,ACITL,False
102,8.205371153299779e-06,1.929500536873574e-06,-1,-1,ACOAD1f,False
103,8.461127573793081e-06,1.2457497394063877e-06,-1,-1,ACOAD2f,False
104,8.55354470221531e-06,1.2482754661452544e-06,-1,-1,ACOAD3f,False
105,8.553573695696537e-06,1.2482760240184465e-06,-1,-1,ACOAD4f,False
106,8.558673873997058e-06,1.2480356116756353e-06,-1,-1,ACOAD5f,False
107,2.9077057911233717e-06,1.5685658687758508e-06,-1,-1,ACOAD6f,False
108,9.441779095106795e-06,1.8911471499766241e-06,-1,-1,ACOAD7f,False
109,8.828691753039186e-05,1.61796826861349e-06,-1,-1,ACOAD8f,False
110,1.8740717066395574e-05,2.0689340880786222e-07,-1,0,ACOATA,False
111,8.106876824141851e-06,-1.3314462502703184e-05,-1,-1,ACOTA,True
112,5.671278327061546e-06,2.534169663573338e-06,-1,-1,ACS,False
113,2.1182360519997334e-06,1.6477931230884924e-06,-1,-1,ADCS,True
114,2.4920419992163767e-06,-2.8644895499613243e-06,-1,-1,ADCYRS,True
115,-6.820169668533826e-07,-4.162326344717138e-06,-1,-1,ADK3,False
116,-7.947372239594519e-06,3.9984138404391967e-07,-1,-1,AICART,True
117,9.854070775028312e-06,-4.570388374841583e-06,-1,-1,AKGDH,False
118,-3.7845580813725133e-06,-0.0017965374321688293,-1,-1,ALAR,True
119,6.070982705788652e-07,-3.687076678517143e-05,-1,-1,ALATA_L,False
120,1.4456225487111118e-05,2.232810636645932e-06,-1,-1,AMMQLT8,True
121,2.1787537149847713e-06,-5.822728151153034e-06,-1,-1,ANS,True
122,-7.188419690815073e-07,-0.09434481275388118,-1,-1,ARGSL,True
123,2.001606191334715e-06,-0.09434481275387803,-1,-1,ASNS1,True
124,1.6550353709662846e-06,1.186272558836854e-06,-1,-1,ASPK,True
125,-2.9584172250435303e-06,-1.7118267532853504e-05,-1,-1,ASPTA,True
126,6.88456323283404e-07,2.4209325273777393e-06,-1,-1,BMOCOS,True
127,-2.449360863437944e-07,2.369918838548979e-06,-1,-1,BMOGDS2,True
128,4.9897910831819825e-06,9.837939429907516e-07,-1,-1,BSCT,False
129,-1.7642375936544052e-07,2.2204189489283266e-06,-1,-1,BWCOS,False
130,7.214497110372142e-06,1.2833016286711851e-06,-1,-1,BZSCD,False
131,2.455861325342812e-06,2.612559863571229e-06,-1,-1,BZSCT,False
132,-4.202202016419243e-06,2.4983251090543446e-06,-1,-1,CBLAT,False
133,8.158135037218683e-06,1.3008389354585148e-07,-1,-1,CBPAH,True
134,2.313563236586158e-06,-2.3698679579853277e-07,-1,-1,CBPS,False
135,2.008677289909444e-06,1.5722298343789909e-06,-1,-1,CHORS,True
136,3.5392270432491046e-06,-8.214595677236147e-06,-1,-1,CITMS,False
137,4.190993867378423e-06,1.7443389275645371e-06,-1,-1,CS,False
138,3.288730037326326e-07,3.5584000515481717e-06,-1,-1,CSPMDDC,True
139,1.693565647251788e-05,-0.0005544200038560265,-1,-1,CTPS1,False
140,8.883612005627928e-06,-0.0006211468308051638,-1,-1,CTPS2,False
141,8.121116754855606e-06,-1.8272502954747027e-06,-1,-1,CYRDAS,True
142,1.5570105547854651e-06,1.3437234161473022e-07,-1,-1,CYSLY3,False
143,-3.343001211617014e-07,-0.09434481275386931,-1,-1,CYSS,True
144,-4.371235326462719e-06,-0.09434481275388429,-1,-1,DAPDC,True
145,-0.0008620382419634309,-0.09434481275387742,-1,-1,DHFR,True
146,9.688300919893922e-06,3.449254456500128e-06,-1,-1,DHNAOT4,True
147,-3.066933443998665e-06,-0.09434481275388236,-1,-1,DLTO,False
148,4.9248346803705545e-05,2.6872028294072647e-06,-1,-1,DPCOAK,True
149,-1.8696506176169025e-06,2.2087533380621416e-06,-1,-1,FACOAE140,False
150,-1.5677200223759846e-06,2.151585909160314e-06,-1,-1,FACOAE160,False
151,-4.435873024032089e-06,2.0441928667847e-06,-1,-1,FACOAE161,False
152,2.0509880508043365e-06,2.0231806275861075e-06,-1,-1,FADMQOR,False
153,-1.77996305202599e-05,2.747136636394032e-06,-1,-1,FCLT,True
154,3.5677443679521526e-06,2.89893984332934e-06,-1,-1,FDH5r2pp,False
155,7.712983090601977e-06,5.270988305161595e-06,-1,-1,FESR,False
156,4.408987457071856e-05,9.452943312976414e-07,-1,-1,FMETTRS,False
157,2.3137614081361613e-05,-1.6319948078172275e-05,-1,-1,FMNAT,True
158,3.631635236783781e-06,1.980174106172572e-06,-1,-1,FRD2rpp,False
159,5.170626276876367e-06,-3.1396474816383635e-05,-1,-1,G1PACT,True
160,-0.0001033538300218434,-0.007916872287401663,-1,-1,GALUi,True
161,-8.58467983126665e-06,-3.583537772772205e-07,-1,-1,GARFT,False
162,0.00010223064856082487,-2.1036114637731917e-05,-1,-1,GCCb,False
163,2.530933484824749e-06,-2.9072440516919595e-06,-1,-1,GDPTPDP,False
164,1.590061452254321e-05,-0.003021764963029902,-1,-1,GF6PTA,True
165,-3.2318298173912574e-05,-3.375979121186812e-05,-1,-1,GHMT2r,False
166,-3.217534703675584e-05,0.00011768812100028392,-1,-1,GLCS1,True
167,-3.3862349395619162e-06,-0.09434481275386293,-1,-1,GLNS,True
168,1.7826929420081128e-06,-1.2693954645162653e-05,-1,-1,GLUDy,False
169,3.006536849550767e-07,-0.09434481275387381,-1,-1,GLUR,True
170,9.826029880033449e-07,1.469784167734689e-06,-1,-1,GLUSx,False
171,1.0286278597809728e-05,-2.8990578075510642e-06,-1,-1,GLYCTO3,True
172,-2.887710147468636e-06,-1.6031314523393125e-05,-1,-1,GLYTA,True
173,9.895782371302508e-06,-4.3460550100543616e-06,-1,-1,HCITS,False
174,-3.7248770338380033e-06,3.7385909426174146e-06,-1,-1,HEMEOS,True
175,3.754445213263735e-07,-0.0943448127538773,-1,-1,HISTD,True
176,1.879586397390831e-05,2.0709779904731773e-06,-1,-1,HMGL,False
177,2.9713437185302505e-06,2.123226568104264e-06,-1,-1,HSERTA,True
178,1.0825953487350604e-06,-1.3645231569936467e-06,-1,-1,I2FE2SS,True
179,5.460512544089302e-06,1.6746264325101512e-06,-1,-1,I2FE2SS2,True
180,3.86348982718554e-06,-7.763783128195145e-07,-1,-1,I4FE4SR,True
181,-1.3335315020637784e-06,-2.4731171676603547e-05,-1,-1,I4FE4ST,True
182,1.578523196939241e-06,-4.089211276245286e-06,-1,-1,ICYSDS,True
183,1.3261939574280013e-05,-1.0169491593409186e-06,-1,-1,IG3PS,True
184,-2.4866335463710754e-06,-0.09434481275388872,-1,-1,ILETA,True
185,2.5603093378664954e-06,-6.034973505722463e-06,-1,-1,IPPS,True
186,2.010136795072004e-06,2.0562816796382277e-06,-1,-1,KAS15,False
187,-5.768012063929462e-06,-1.1742050313956476e-05,-1,-1,LACD,False
188,5.698251927734044e-06,-2.8104963896630197e-05,-1,-1,LALGP,False
189,1.994109983601e-05,-3.574628212248132e-05,-1,-1,LDAPAT,True
190,-4.403399367775007e-07,-0.09434481275387256,-1,-1,LEUTA,True
191,6.15179054298115e-06,2.1782908259798672e-06,-1,-1,MBCOAi,False
192,3.125177400101209e-06,9.042986137963727e-07,-1,-1,MCITS,False
193,1.4840948460742576e-05,1.1285397306937117e-07,-1,0,MCOATA,True
194,3.741799876368773e-05,-3.190466288091609e-06,-1,-1,METS,True
195,1.1216004553345205e-05,-1.626864510190229e-06,-1,-1,METSOXR1,False
196,1.1216004552942749e-05,-1.626864510190229e-06,-1,-1,METSOXR2,False
197,4.623511918702694e-05,2.5476937009355494e-06,-1,-1,MMM2,False
198,6.432810331566396e-07,2.510689675688793e-06,-1,-1,MOCOS,True
199,-1.155812942459089e-06,2.856726376149199e-07,-1,-1,MOGDS,True
200,-1.1239635382159774e-05,-3.653185447205498e-07,-1,-1,MOHMT,True
201,5.717325009119145e-07,-2.773674918216118e-07,-1,-1,MPTG,True
202,5.717324943546598e-07,-2.773674918216118e-07,-1,-1,MPTG2,True
203,7.455324264812879e-07,1.6406782692851563e-06,-1,-1,MTHFC,False
204,7.081320292458282e-06,-1.8606359152975593e-05,-1,-1,MTHFD,False
205,-3.6270246467337564e-05,-1.4172543680440741e-06,-1,-1,MTHFR,False
206,-1.8995616341312138e-05,1.5253182402003018e-06,-1,-1,MTHFR3,False
207,2.7160296891745594e-06,2.9351023656393194e-06,-1,-1,NADH10,False
208,2.7160296894174207e-06,2.9351023656393194e-06,-1,-1,NADH17pp,False
209,2.716029688473731e-06,2.9351023656393194e-06,-1,-1,NADPHQR3,False
210,-6.820169706697743e-07,-4.162326355500179e-06,-1,-1,NDPK1,False
211,-0.0001649097658875734,-0.0008015400514476689,-1,-1,NDPK2,True
212,-2.2526327430591464e-05,-3.5379375744187813e-06,-1,-1,NDPK3,False
213,0.0038446489980835385,-0.0005427548877707383,-1,-1,NDPK4,True
214,-5.823879187731584e-06,2.025803031546758e-06,-1,-1,NDPK5,True
215,3.875279411752475e-05,7.911766442131318e-07,-1,-1,NDPK7,True
216,3.810508688949221e-05,2.4628465502968266e-06,-1,-1,NDPK8,True
217,2.842941058844861e-06,2.5203126326339698e-06,-1,-1,OCOAT1,False
218,1.953971514222219e-06,2.6428065722783334e-06,-1,-1,OCOAT2r,False
219,2.183602195969525e-06,1.9930560117564777e-06,-1,-1,OCOAT3r,False
220,3.478568534685811e-06,-3.3583772677883705e-05,-1,-1,OGCOAAT,False
221,9.39140757921092e-06,-4.603520089657698e-06,-1,-1,OGMEACPS,False
222,4.6016235085571955e-07,-4.101902236117172e-05,-1,-1,OHPBAT,True
223,3.6299933915684424e-07,-1.2451387290973726e-05,-1,-1,ORNTAC,True
224,1.406474783192252e-05,-5.692858114228483e-05,-1,-1,P5CD,False
225,-6.594967759704362e-06,-0.09434481275388455,-1,-1,P5CR,True
226,2.4505532140867148e-06,2.3038518777579453e-06,-1,-1,PBUTT,False
227,2.716029687183097e-06,2.9351023634188733e-06,-1,-1,PCMEH3pp,False
228,4.017512230211628e-06,1.1267560611344374e-06,-1,-1,PDH,False
229,4.7343083434125965e-07,1.7440470259505458e-06,-1,-1,PDX5PO2,True
230,-5.3314578646046495e-06,2.23306431350323e-06,-1,-1,PGPP140,True
231,-5.497217979141822e-06,2.234583585752903e-06,-1,-1,PGPP160,True
232,-2.314640231898535e-06,1.9460399238030446e-06,-1,-1,PGPP161,True
233,-2.7088397363053685e-06,1.8655946561751957e-06,-1,-1,PGPP181,True
234,-6.20860469792428e-07,-0.0943448127538924,-1,-1,PHETA1,True
235,3.301870405217344e-06,2.612416585306976e-06,-1,-1,PPCSCT,False
236,1.6902122262560382e-06,9.406271080231177e-07,-1,-1,PRASCSi,True
237,-7.0475040951367696e-06,-1.290524668934312e-07,-1,-1,PRFGS,True
238,-8.777742008324319e-06,2.3823500133052233e-06,-1,-1,PSD140,True
239,-8.94073772351317e-06,2.3833208553786234e-06,-1,-1,PSD160,True
240,-4.634327803725025e-06,2.180637576149058e-06,-1,-1,PSD161,True
241,-5.026302674085437e-06,2.110459965370959e-06,-1,-1,PSD181,True
242,2.390302785523768e-06,-8.982299364260204e-06,-1,-1,PSP_L,False
243,3.197394657192265e-06,2.514635766268092e-06,-1,-1,PTA2,False
244,3.5478416536144364e-06,2.564668341475951e-06,-1,-1,PTAr,False
245,7.199457521318842e-06,1.4557247283164543e-06,-1,-1,PUTA3,False
246,2.0157670165631136e-05,-1.884035025633002e-05,-1,-1,RBFSb,True
247,1.8938475307497815e-06,-0.09434481275387703,-1,-1,SELCYSLY3,False
248,-4.592391313743005e-06,-1.9027457328041342e-05,-1,-1,SERAT,True
249,3.3706132298444436e-07,6.307078697795343e-06,-1,-1,SHCHF,True
250,4.3648180541311365e-06,2.391752405503378e-06,-1,-1,SSCOARy,False
251,1.9698896276537647e-06,-1.0704664488686566e-05,-1,-1,STPT1,True
252,2.512938339242765e-06,-1.0717171758004018e-05,-1,-1,STPT2,True
253,2.164261296025427e-06,1.912049496677337e-06,-1,-1,SUCBZT1,False
254,1.3914019914157416e-06,1.9118085102104443e-06,-1,-1,SUCBZT2,False
255,5.463695643984079e-06,2.340936271535976e-06,-1,-1,SUCOAACTr,False
256,5.025942283180818e-06,2.400825339463064e-06,-1,-1,SUCOAS,False
257,2.357649972681286e-06,1.1803619393291331e-06,-1,-1,THRA2,False
258,-2.8684180119337155e-07,-2.1289699199400491e-07,-1,-1,THRA,False
259,1.7335683637903498e-06,1.8846097432773101e-06,-1,-1,THRS,True
260,7.885196973492214e-07,1.4336666176867352e-06,-1,-1,TMPK,True
261,1.6572349341784087e-06,-0.00022957765926404083,-1,-1,TRPS1,True
262,6.071867757057037e-07,-2.915656528297561e-05,-1,-1,TRPTA,False
263,8.87945475085139e-07,-1.6012708421747623e-05,-1,-1,UACGAMOAT,False
264,8.002056974425187e-06,-8.439370580912153e-06,-1,-1,UDCPDPS,True
265,7.4188306454295305e-06,-0.0005234650151701714,-1,-1,UDPKAAT,True
266,3.7335301041815927e-06,-1.0877562790015394e-05,-1,-1,ULA4NFT,True
267,-1.4781019204435086e-07,-0.09434481275388613,-1,-1,VALTA,True
268,3.0241060201413594e-06,1.0247804827362428e-06,-1,-1,VCACT,False
269,7.252960316762869e-06,1.302717169734957e-06,-1,-1,VCOAD,False
270,1.425557603587646e-06,4.125196326504321e-06,-1,-1,WCOS,False
271,1.6121167935312375e-08,3.7526544766353087e-06,-1,-1,DM_amob_c,False
272,-1.2208368574129214e-06,3.071694932160751e-07,-1,-1,5HBZIDMT,True
273,7.141595762594211e-06,-0.015431094903156181,-1,-3,AOXSr2,False
274,9.005699918851473e-06,3.127581803083479e-06,-1,-1,CFAS160E,False
275,7.89965060695591e-06,3.0488151080837467e-06,-1,-1,CFAS160G,False
276,7.847664503235485e-06,2.780337871974292e-06,-1,-1,CFAS180E,False
277,6.745971016838825e-06,2.6919048823625946e-06,-1,-1,CFAS180G,False
278,7.28251918075129e-06,2.384068662084071e-06,-1,-1,CPC2MT,True
279,1.5409817844744267e-06,3.3258046703565913e-06,-1,-1,CPC3MT,True
280,2.2522751637818472e-06,3.3067667093850117e-06,-1,-1,CPC4MT,True
281,3.673190685948846e-06,2.1679804037139094e-06,-1,-1,CPC5MT,True
282,4.47423809566555e-06,3.04077363233457e-06,-1,-1,CPC6MT,True
283,-4.2626586850974535e-06,2.77062535496142e-06,-1,-3,MALCOAMT,False
284,-1.4456601620194132e-05,-0.0943448127538833,-1,-1,UPP3MT,True
285,2.6846482945874772e-06,-4.6096785336069424e-07,-1,-1,SPODM,False
286,2.5123748025324133e-06,2.0278648920485365e-06,-1,-1,ACAFDOR,False
287,5.193315327223225e-07,3.380239418718234e-06,-1,-1,ADK2,False
288,2.746018809132722e-06,2.526160424884405e-06,-1,-1,ALCD2x,False
289,3.601651307701126e-06,2.4780650794004044e-06,-1,-1,ALDD2x,False
290,2.3399323003797656e-06,3.1940696137294777e-06,-1,-1,CBIAT,False
291,2.6179818816765565e-06,-1.3333130142928473e-05,-1,-1,GTPCI,True
292,-3.357554319167316e-05,3.3802394155263427e-06,-1,-1,PPA2,False
293,5.193315310778046e-07,3.3802394155263427e-06,-1,-1,PPK2,False
294,3.300723785543136e-07,5.066303717923826e-06,-1,-1,CDGR,False
295,7.530740499042676e-07,9.678603963558796e-07,-1,-1,ACHBS,True
296,6.726640088064451e-07,1.7646732537873744e-06,-1,-1,ACLS,False
297,-3.728172494917026e-05,2.4340245669274285e-06,-1,-1,ACPS,False
298,-1.479173250436977e-05,2.2838844409012182e-06,-1,-1,ACPS1,False
299,4.064840391816704e-06,2.545182016575054e-06,-1,-1,ACS2,False
300,2.194011105814686e-06,-4.027125872732573e-06,-1,-1,ADCL,True
301,2.9197045177398184e-06,-9.859681004045773e-06,-1,-1,ALAD_L,False
302,3.5884163234606303e-06,1.6058630382120853e-06,-1,-1,BCOALIG,False
303,3.71518648260849e-06,1.4733472806643944e-06,-1,-1,BCOALIG2,False
304,2.1883626226959496e-06,-4.119565099672262e-06,-1,-1,CYSTL,False
305,-4.349172583462124e-07,1.584660740946986e-06,-1,-1,DHDPS,True
306,-4.807664398212563e-06,-0.0003308802994703014,-1,-1,DXPS,True
307,5.637885901250972e-06,2.5882049556613662e-06,-1,-1,FACOAL100t2pp,False
308,5.689021028175423e-06,2.5882173521341034e-06,-1,-1,FACOAL120t2pp,False
309,3.964248585994201e-06,2.5882899272744453e-06,-1,-1,FACOAL140t2pp,False
310,9.543357645004635e-06,2.290128755605414e-06,-1,-1,FACOAL141t2pp,False
311,3.906644020404415e-06,2.590779334663007e-06,-1,-1,FACOAL160t2pp,False
312,3.877217209187489e-06,2.4778833661587285e-06,-1,-1,FACOAL161t2pp,False
313,8.05869732019987e-06,2.582574035958629e-06,-1,-1,FACOAL180t2pp,False
314,1.0122859746830581e-05,2.2765915818484528e-06,-1,-1,FACOAL181t2pp,False
315,5.63400020569399e-06,2.588193797170568e-06,-1,-1,FACOAL60t2pp,False
316,5.637804585401085e-06,2.588204945072614e-06,-1,-1,FACOAL80t2pp,False
317,1.5420927626658143e-06,-6.913785198792155e-06,-1,-1,MCITL2,False
318,2.0367997053752362e-06,-3.5884790596379945e-06,-1,-1,ME2,False
319,3.897779610989582e-06,2.341358339652544e-06,-1,-1,OBDHc,False
320,5.353951458293704e-06,2.084336141475185e-06,-1,-1,OIVD1r,False
321,5.081641301647732e-06,2.1965151935365856e-06,-1,-1,OIVD2,False
322,5.027568318431708e-06,2.2196722444106642e-06,-1,-1,OIVD3,False
323,3.3974278074860864e-06,2.6211081165655736e-06,-1,-1,PACCOAL,False
324,3.3913140183861046e-06,2.6211081165655736e-06,-1,-1,PACCOAL2,False
325,3.4118973458868718e-06,2.6211081165655736e-06,-1,-1,PACCOAL3,False
326,-1.1871663285062395e-07,5.009040738024328e-07,-1,-1,PC,False
327,-1.693128107743691e-06,-1.3726245278164462e-05,-1,-1,PPDK,False
328,-1.6931281068208182e-06,-1.3726245278164462e-05,-1,-1,PPS,False
329,3.3011043075806268e-06,-4.659139177035088e-06,-1,-1,PYK,False
330,4.3656204081615746e-07,-3.8127125816661556e-06,-1,-1,SERD_L,False
331,2.4883216567100908e-06,2.4940851020421873e-06,-1,-1,CODH4,False
332,1.4566948876373886e-06,-5.727078069422964e-07,-1,-1,CHDCCH,False
333,1.7956582053085812e-06,3.1790844419593567e-06,-1,-1,ALCD4,False
334,1.7211726181382003e-06,2.9747502155175187e-06,-1,-1,BUTKr,False
335,2.138872072218745e-06,-1.3315731164323386e-05,-1,-1,DHFS,True
336,-6.834643441588906e-06,-1.1912053170928805e-05,-1,-1,GLU5K,True
337,-7.156732804498855e-06,-0.007119526577346491,-1,-1,GLUTRS,True
338,3.402390714730974e-06,-0.09434481275387809,-1,-1,HSTPT,True
339,2.077071354543436e-06,1.1607898191268173e-07,-1,-1,ICDHyr,False
340,8.131524387021416e-06,-1.578119001736933e-05,-1,-1,PSERT,True
341,1.606993483692365e-06,2.9746185945950243e-06,-1,-1,LPD5,False
342,2.1537488365114266e-06,2.364289960740673e-06,-1,-1,PPNDH,True
343,2.139079753174511e-06,2.386536033058273e-06,-1,-1,PPND,True
344,2.3850625190113828e-08,3.1060809615596208e-06,-1,-1,DMPPS,True
345,1.2123569889110897e-06,1.6873894624624963e-06,-1,-1,IPDPS,True
346,3.683982072655301e-05,1.183552572878166e-06,-1,-1,MECDPS,True
347,-2.507516827165296e-05,-8.866009497844607e-05,-1,-1,G3PD,False
348,8.217581578102984e-06,2.6099017222808163e-06,-1,-1,GLUTCOADHc,False
349,-4.088013241518307e-06,-0.0943448127538587,-3,-1,N2OR,False
350,9.592960330893907e-06,-2.072524213095339e-06,-1,-1,MOSDC,False
351,2.5641468412787582e-06,2.6865011353016666e-06,-1,-1,PPCOAC,False
352,2.9093089857351595e-06,2.6955411666085283e-06,-1,-1,THRD_L,False
353,1.7965960810648052e-06,3.1682858363524247e-06,-1,-1,ALCD3ir,False
354,1.7158330897631968e-06,2.8904290148429324e-06,-1,-1,PPAKr,False
355,2.4470806993179273e-06,2.9562261710108784e-06,-1,-1,CYTBD2pp,False
356,2.455776869400572e-06,2.52995614415108e-06,-1,-1,CYTBMQOR2pp,False
357,2.1661508599266077e-06,-7.332968171486209e-06,-1,-1,CYTMQOR3pp,False
358,2.4470807012746953e-06,2.95622617300928e-06,-1,-1,HYD4pp,False
359,2.447080702870641e-06,2.95622617300928e-06,-1,-1,NO3R2pp,False
360,2.4470807057225263e-06,2.95622617300928e-06,-1,-1,NORZpp,False
361,2.447080704362503e-06,2.95622617300928e-06,-1,-1,NTRIR4pp,False
362,2.447080702794313e-06,2.95622617300928e-06,-1,-1,SULR2pp,False
363,-9.509431909386634e-05,-4.9235990075974234e-05,-1,-1,APSR,False
364,1.5372487045951788e-05,2.353244967778778e-06,-1,-1,AHSERL2,True
365,2.9554734272019267e-05,-1.585710147535002e-05,-1,-1,UPP3S,True
366,8.983046927812932e-06,-2.9389532940210517e-06,-1,-1,OMCDC,True
367,2.1397730044316055e-05,2.0652569770324147e-06,-1,-1,DHAD1,False
368,2.544363230480573e-06,2.8509464926884664e-06,-1,-1,IBTMr,False
369,2.8143268079747208e-05,2.304762901514379e-06,-1,-1,DHAD2,True
370,2.5430953248875565e-06,1.9206615527317394e-06,-1,-1,ALCD19,True
371,-7.455048073388981e-06,-0.09434481275388742,-1,-1,TMPPP,True
372,-1.3858965211138718e-06,2.3994634264362658e-06,-1,-1,TYRTRS,False
373,3.0354213964856047e-06,2.490574000410528e-06,-1,-1,ADSL1r,True
374,5.23434994785521e-07,2.0327217745003123e-06,-1,-1,GDPDPK,False
375,-7.2860043037262234e-06,-6.329693502531153e-05,-1,-1,MAN1PT2,False
376,-1.8684217108759504e-05,-1.2176816520090283e-05,-1,-1,RNDR2,True
377,1.951573263270223e-06,-1.004769891062296e-05,-1,-1,ENO,True
378,-1.9053465985519047e-06,-1.2494134861776307e-05,-1,-1,PEPCK_re,False
379,2.822283919276525e-07,-1.0679177084374492e-05,-1,-1,PPCK,False
380,2.031773820697358e-05,-9.63609909722385e-06,-1,-1,PSCVT,True
381,7.3782143715644954e-06,1.6474496863927435e-06,-1,-1,ACBIPGT,True
382,5.18764300623531e-06,2.3246275729221777e-06,-1,-1,RZ5PP,True
383,4.759577293948769e-06,-5.031381955095116e-07,-1,-1,PRAIi,True
384,7.673821789552782e-06,2.3971866984495716e-07,-1,-1,PRATPP,True
385,1.2223869565869405e-06,-7.1254379043900196e-06,-1,-1,HMPK4,False
386,6.4057446850437905e-06,1.6526759823304316e-06,-1,-1,PPGPPDP,False
387,2.0410946680177178e-06,1.3917755298242795e-06,-1,-1,SADT2,False
388,1.5346120219306147e-06,-2.88673149634322e-07,-1,-1,PRAGSr,True
389,2.208616867664659e-06,2.387023871938676e-06,-1,-1,NTPP11,False
390,3.6156087532615566e-06,2.4651594503904972e-06,-1,-1,CDGUNPD,False
391,7.610419691661541e-07,1.737943792920471e-06,-1,-1,NNAM,False
392,-1.0925821490204157e-05,-0.09434481275386981,-1,-1,NNATr,True
393,3.905641181481401e-06,-1.2800133900592314e-06,-1,-1,NNDMBRT,True
394,-1.0735187179249095e-05,-3.400182176216404e-05,-1,-1,QULNS,True
395,4.281355700755385e-06,9.557637351692572e-07,-1,-1,CSND,False
396,0.0004271758491428551,-0.00017044108385665113,-1,-1,UMPK,True
397,9.729901301207267e-06,2.8629370413396638e-06,-1,-1,DHORTS,True
398,3.965787013698874e-06,-0.0001848336373357906,-1,-1,A5PISO,True
399,5.977789773285724e-06,-0.00026521747344562807,-1,-1,DB4PS,True
400,9.68298625041164e-06,-0.0038154481874156237,-1,-1,GND,False
401,1.7985206981693813e-06,-0.00010754713249985781,-1,-1,RPE,False
402,-4.145790242000846e-06,-0.00042166510680691216,-1,-1,FBA,True
403,1.5437662852224587e-06,-8.767326018906119e-05,-1,-1,GAPD,True
404,1.3474013368375282e-06,-4.4961997605480475e-05,-1,-1,S7PI,True
405,3.2846882822290535e-06,-0.001646062504052609,-1,-1,TALA,False
406,3.077293303344053e-06,-0.0016419937940657242,-1,-1,TKT2,False
407,-4.708497906319442e-06,-0.00014067232851273925,-1,-1,TPI,True
408,-3.476011346537078e-07,3.049288470877154e-06,-1,-1,APH140,False
409,-7.608164476133328e-07,2.6281430696994956e-06,-1,-3,FA140ACPHi,False
410,-7.77303493432191e-07,3.0732267193717133e-06,-1,-1,APH160,False
411,-2.0940385635909164e-06,2.5658787630444824e-06,-1,-3,FA160ACPHi,False
412,9.069265308053742e-07,3.074366203600909e-06,-1,-1,APH161,False
413,-1.838674771464932e-08,2.532621784442912e-06,-1,-3,FA161ACPHi,False
414,-1.2747334703078206e-07,2.613305681062328e-06,-1,-1,APH181,False
415,9.57240875718024e-07,2.943800720037193e-06,-1,-1,HACD1,False
416,1.4621115778379323e-06,3.073304296913326e-06,-1,-1,HACD2,False
417,1.4634278208830453e-06,3.070952504791169e-06,-1,-1,HACD3,False
418,1.4634237141958328e-06,3.0709519982796696e-06,-1,-1,HACD4,False
419,1.4626200204176376e-06,3.070956304834782e-06,-1,-1,HACD5,False
420,7.631067466332131e-07,3.0817807648020334e-06,-1,-1,HACD6,False
421,1.3312395229919671e-06,3.080990399292882e-06,-1,-1,HACD7,False
422,5.731987607407452e-07,3.0814338323054136e-06,-1,-1,HACD8,False
423,2.550187738002696e-06,2.153899525514369e-06,-1,-1,HCO3E,True
424,1.471611137407458e-06,2.3194140781751527e-06,-1,-1,ACGK,True
425,1.8835117633342335e-06,2.8604962971912062e-06,-1,-1,ACONTa,False
426,1.274355433851515e-06,1.1120498131650391e-06,-1,-1,MDH,False
427,1.6438894161474593e-06,3.116020853830004e-06,-1,-1,ECOAH1,False
428,9.409214958462642e-06,3.105555768129209e-06,-1,-1,VACOAI,False
429,1.0229344792056505e-06,3.253494844687732e-06,-1,-1,ECOAH2,False
430,1.08801349694293e-06,3.25327818953558e-06,-1,-1,ECOAH3,False
431,1.0880469979365759e-06,3.25327812780718e-06,-1,-1,ECOAH4,False
432,1.0867656733137832e-06,3.2532434724175108e-06,-1,-1,ECOAH5,False
433,8.75388213522621e-05,2.9565890971444686e-06,-1,-1,CTECOAI6,False
434,2.1128017441418567e-06,3.2074104270307657e-06,-1,-1,ECOAH6,False
435,3.3060845632190694e-06,2.8326751883300805e-06,-1,-1,CTECOAI7,False
436,1.629073480308163e-06,3.155282881459054e-06,-1,-1,ECOAH7,False
437,8.849995891285767e-05,2.9610529248963458e-06,-1,-1,CTECOAI8,False
438,2.1717879049240607e-06,3.220145794874396e-06,-1,-1,ECOAH8,False
439,-1.2280137663689406e-08,8.422908026328724e-07,-1,-3,3OAS100,True
440,-3.5971594709860444e-08,1.3670400953874617e-06,-1,-3,3OAS120,True
441,1.526016485335624e-06,-5.952410235127159e-07,-1,-3,3OAS121,False
442,2.4438357028450097e-06,2.774189112250691e-06,-1,-3,3OAS140,True
443,1.036232169174256e-05,-2.2582213966740317e-05,-1,-3,3OAS141,False
444,2.124249586038518e-06,1.8816790628151114e-06,-1,-3,3OAS160,False
445,2.575695832909841e-06,1.821532004661619e-06,-1,-3,3OAS161,False
446,2.5584251894528176e-06,1.4153501311647831e-06,-1,-3,3OAS180,False
447,1.4703370597099474e-06,1.4384760100571992e-06,-1,-3,3OAS181,True
448,1.1086522591803594e-05,-8.884526952648852e-06,-1,-3,3OAS60,True
449,1.0890694337059581e-05,-2.3949095704633994e-05,-1,-3,3OAS80,True
450,-4.324859244779489e-06,1.251349131550783e-06,-1,-3,AACPS1,False
451,-4.462088432778677e-06,1.0620451179610413e-06,-1,-3,AACPS2,False
452,-4.306631200448607e-06,1.2318109913339592e-06,-1,-3,AACPS3,False
453,-1.4364916324435817e-06,1.2172996617931808e-06,-1,-3,AACPS4,False
454,1.4682400331714196e-06,8.105547981418493e-07,-1,-3,AACPS5,False
455,-1.1723556136988833e-07,-1.5108764736815328e-06,-1,-3,AACPS6,False
456,-2.5112825321887966e-06,1.0798877477236069e-06,-1,-3,AACPS7,False
457,2.0694710856292153e-06,1.3565834381945585e-06,-1,-3,AACPS8,False
458,1.8980484964709055e-06,1.3565834381945585e-06,-1,-3,AACPS9,False
459,1.024732258839145e-06,2.2948753129331534e-06,-1,-3,ACPPAT120,False
460,1.503870143255981e-06,2.469162891358123e-06,-1,-3,ACPPAT140,True
461,1.409328861286252e-06,2.175041433225e-06,-1,-3,ACPPAT141,False
462,1.3984285851323386e-06,2.354694861275708e-06,-1,-3,ACPPAT160,True
463,1.3199860836518584e-06,2.3367680051372686e-06,-1,-3,ACPPAT161,True
464,-1.9950320529413257e-06,-4.060205336386957e-07,-1,-3,ACPPAT180,False
465,-1.196160727565121e-06,1.5130066473023618e-06,-1,-3,ACPPAT181,True
466,7.818286775568284e-06,8.161613496565634e-07,-1,-3,AGPAT120,False
467,8.436908955855582e-06,9.271764529888982e-07,-1,-3,AGPAT140,True
468,9.933811631862577e-06,6.291003303293685e-07,-1,-3,AGPAT141,False
469,9.945455858584307e-06,6.590026467162557e-07,-1,-3,AGPAT160,True
470,9.409177026450943e-06,7.167238847277657e-07,-1,-3,AGPAT161,True
471,1.5919015384051327e-05,-1.0947132399186099e-07,-1,-3,AGPAT180,False
472,1.5324450900688902e-05,1.7688621276046312e-08,-1,-3,AGPAT181,True
473,1.71575042577643e-06,1.703408002248774e-06,-1,-3,EDTXS1,True
474,-6.609454107145418e-07,1.4519037821320024e-06,-1,-3,EDTXS1N,False
475,3.189127382660639e-07,-0.0943448127538858,-1,-3,EDTXS2,True
476,2.5245079897720513e-06,-0.00018068544696876743,-1,-3,EDTXS2N,False
477,2.3191118903101438e-06,1.9866639761473293e-06,-1,-3,FA100ACPHi,False
478,-1.2390197922443336e-06,1.253119438521244e-06,-1,-3,FA120ACPHi,False
479,-2.165351515745484e-06,1.1564796694035762e-06,-1,-3,FA141ACPHi,False
480,2.3066858252027145e-06,1.9072469501918432e-06,-1,-3,FA80ACPHi,False
481,7.963013354816972e-07,2.4622338324342685e-06,-1,-3,KAS14,False
482,1.827358204330165e-06,2.9672352668402846e-06,-1,-3,MACPD,False
483,7.741819884603263e-06,-7.306369491179299e-05,-1,-3,OPMEACPS,False
484,2.129299637651516e-06,-3.931670222391548e-05,-1,-3,U23GAAT,True
485,2.1768064897564887e-06,-3.9414961219050304e-05,-1,-3,U23GAATN,False
486,8.169963619859832e-06,-8.653880207126763e-05,-1,-3,UAGAAT,True
487,3.217951528834695e-06,6.44159834098379e-07,-1,-3,UAGAATN,False
488,6.546314778727025e-06,2.351666723063306e-06,-1,-1,AGPR,True
489,3.4180805707634265e-06,2.8636002503967806e-06,-1,-1,ACKr,False
490,2.0340389078055132e-06,2.6438556519070566e-06,-1,-1,UHGADA,True
491,2.3977634135696757e-06,2.695606719491095e-06,-1,-1,UHGADAN,False
492,8.710774653600262e-07,2.168841447811043e-06,-1,-1,ADCPS1,False
493,2.4085902825821126e-06,2.4783913788184453e-06,-1,-1,ADCPS2,True
494,1.5801328645953516e-06,1.7055151855654982e-06,-1,-1,CYRDAAT,True
495,-2.3578668434526273e-06,1.4526839835216077e-07,-1,-1,BMOGDS1,True
496,-2.659144098832167e-06,-3.885701413547382e-07,-1,-1,BWCOGDS1,False
497,-2.384287308629385e-07,2.358250954556662e-06,-1,-1,BWCOGDS2,False
498,1.3860385644076656e-06,1.2475951634283167e-07,-1,-1,CPMPS,True
499,1.685341035700949e-06,2.3801702431491822e-06,-1,-1,DGUNC,False
500,3.409616316854547e-06,-1.0724477836412949e-05,-1,-1,GTPCII2,True
501,1.0797919696298175e-06,2.441740515155e-06,-1,-1,GTPDPK,False
502,-2.9744136067350047e-07,-5.690878981440273e-05,-1,-1,MAN1PT,False
503,2.262914239610503e-06,2.014478840225986e-06,-1,-1,ADSL2r,True
504,3.7454590961216727e-06,-3.6777677547145116e-06,-1,-1,4PCP,False
505,2.302312411717189e-06,-5.658147634868271e-06,-1,-1,AGM4PCP,False
506,6.35936872468712e-06,-3.896708491019085e-07,-1,-1,ALAALAr,True
507,-5.078769407113048e-07,4.648636960799535e-06,-1,-1,ALAALAD,False
508,-1.0786492153906646e-05,1.5987493331981462e-07,-1,-1,ALATRS,False
509,3.100031093342115e-06,-2.1410387520542917e-06,-1,-1,AM4PCP,False
510,1.0031897467323303e-05,-3.243061358099153e-06,-1,-1,UAMAS,True
511,1.9905528323892197e-05,2.173110740286144e-06,-1,-1,UM4PCP,False
512,8.375204640850842e-07,3.4411018261792936e-06,-1,-1,ARGDC,True
513,9.72031915791316e-07,2.1052172867602748e-06,-1,-1,ARGSS,True
514,-4.8155041324354775e-06,3.4415541914495362e-06,-1,-1,ARGTRS,False
515,2.1636016543577496e-06,1.9646647202858913e-06,-1,-1,ASPT,False
516,1.2901126185543843e-06,2.9124907243577303e-06,-1,-1,BZSS,False
517,1.4330376357160612e-06,2.356964909119852e-06,-1,-1,FUM,False
518,2.7195936475044036e-10,2.4279006312494245e-06,-1,-1,ASNTRS,False
519,1.3510659032170413e-06,2.3616364073358875e-06,-1,-1,ASAD,True
520,5.76245051725488e-06,2.3255563868368467e-06,-1,-1,ASP1DC,True
521,3.425955196853514e-06,1.6412590689712792e-06,-1,-1,ASPCT,True
522,-8.126211013328999e-07,-4.4696178722186675e-06,-1,-1,ASPO2,True
523,-1.6995028855604222e-06,2.4234678699941448e-06,-1,-1,ASPTRS,False
524,2.6132760529498644e-06,6.286315552689326e-07,-1,-1,PPC,False
525,-4.701466995014891e-06,3.940844207447891e-06,-1,-1,MPTAT,True
526,3.0774773415176426e-06,1.6855013427047316e-06,-1,-1,MPTS,True
527,1.5302897322447273e-06,3.0808253148884024e-06,-1,-1,HMPSCD,False
528,1.1620943501308711e-06,3.265330609056316e-06,-1,-1,PICH,False
529,1.661882032190365e-06,2.723720734329471e-06,-1,-1,SSALy,False
530,-5.392925580800789e-05,3.456094195872228e-06,-1,-1,NTPTP1,False
531,6.586828263391298e-06,3.263248032264743e-06,-1,-1,AGMDA,True
532,-2.416182704717551e-06,-0.09434481275388477,-1,-1,CSPMDDH,True
533,-8.541414040635908e-08,2.9791526863498508e-06,-1,-1,MCCC,False
534,1.7359748309339618e-06,1.9577635821804718e-06,-1,-1,OCBT,True
535,2.2645619123448646e-06,2.519287691390981e-06,-1,-1,CHORM,True
536,1.6570756651915208e-06,1.9400987250201007e-06,-1,-1,CITCIa,False
537,4.0433786382756964e-06,-0.09434481275388841,-1,-1,DASYN120,False
538,4.03543042827581e-06,-0.09434481275386165,-1,-1,DASYN140,True
539,4.012591256694065e-06,-0.0943448127538846,-1,-1,DASYN141,False
540,4.010484938102299e-06,-0.09434481275389295,-1,-1,DASYN160,True
541,6.335477450228333e-06,-0.09434481275388328,-1,-1,DASYN161,True
542,3.9643234552785844e-06,-0.09434481275386628,-1,-1,DASYN180,False
543,6.649971272865152e-06,-0.0943448127538813,-1,-1,DASYN181,True
544,4.876458233986358e-06,-4.9066123510438375e-06,-1,-1,HMPK2,False
545,2.7165308523133258e-05,-3.3199472535133667e-06,-1,-1,KDOCT2,True
546,2.25897078073925e-05,-2.892953523805919e-06,-1,-1,MEPCT,True
547,6.516720948208932e-06,-2.3898796874394224e-06,-1,-1,NTPP4,False
548,3.9255101616939014e-05,-9.204378126792534e-06,-1,-1,PPNCL,True
549,3.299956325822362e-06,2.191750702346118e-06,-1,-1,CPC8MM,True
550,5.385933796869802e-07,2.2384612053255593e-06,-1,-1,CYRDAR,True
551,-3.470774723485226e-06,3.1495224015604117e-06,-1,-1,CYSTRS,False
552,-9.560788187992775e-06,1.641121793571898e-06,-1,-1,SULR,False
553,1.3928330579102144e-06,-1.6357847466771935e-05,-1,-1,DAPE,True
554,6.152010500470873e-07,-8.1977989677684e-06,-1,-1,LADGMDH,False
555,3.5840807017378795e-07,8.634728557097016e-06,-1,-1,LYSTRS,False
556,3.0101915543673252e-06,1.9943401081828904e-06,-1,-1,FOLR2,False
557,0.0027716858756127935,-0.001500888999305297,-1,-1,TMDS,True
558,3.649734158693574e-06,3.642626372479807e-06,-1,-1,OCTDPS,True
559,-5.2950226317460825e-06,3.1805096992049142e-06,-1,-1,LCD,False
560,1.5837361182075016e-06,2.953129410385169e-06,-1,-1,LacR,False
561,4.640832158009367e-05,2.63807168447705e-06,-1,-1,PTPATi,True
562,1.6064386064371106e-06,-1.0869063130219958e-06,-1,-1,FESD1s,False
563,-2.8705852549298916e-06,-9.112157642654495e-06,-2,-1,FESD2s,False
564,-1.939381694503889e-05,-1.6574763877383325e-05,-2,-1,RBFK,True
565,2.4867856833130086e-06,-7.2048341252656245e-06,-1,-1,PGAMT,True
566,1.4638012931819655e-05,-0.00048022983373489925,-1,-1,UAGDP,True
567,0.0077357380376781165,-0.0943448127538848,-1,-1,G1PTT,False
568,-4.5508135742680644e-05,-0.0007805304246208539,-1,-1,GLCP,False
569,2.3408832469186402e-05,-0.0006094316972604236,-1,-1,GLCTR4,True
570,2.3506244494597706e-05,-0.0006093457682947029,-1,-1,GLCTR4N,False
571,-9.10492228402976e-06,-0.0007792592221042699,-1,-1,GLGC,True
572,1.3177449821828724e-05,-0.0002583871502450652,-1,-1,HMPK3,False
573,2.6098673172575415e-05,-0.00020347057948412461,-1,-1,NTPP8,False
574,-0.00010866302334219119,-0.025706545223584024,-1,-1,PGMT,True
575,2.7001798793696574e-06,-0.0001311303159710342,-1,-1,UDPG4E,False
576,7.998615333182357e-06,-0.0003406855300367023,-1,-1,UDPGD,True
577,-1.773430590027575e-05,-0.002448800025983411,-1,-1,UGLT,False
578,4.712745529163176e-06,-9.092721268942616e-05,-1,-1,GART,False
579,3.3694455751777375e-05,1.7791788300830502e-06,-1,-1,GCCa,False
580,-2.557455784160667e-07,2.106735047330277e-06,-1,-1,GCCc,False
581,-1.796014257857137e-06,-0.0010170812883223135,-1,-1,FBP,True
582,1.0741708277792195e-06,-0.0009111264503176147,-1,-1,HEX7,False
583,3.3204188284313707e-06,-0.0011409351443027599,-1,-1,MAN6PI,False
584,-3.4908725266707963e-06,-0.03460447405094963,-1,-1,PGI,True
585,-9.05185691855992e-06,2.087371491696355e-06,-1,-1,GLYTRS,False
586,3.2198179851644637e-06,-0.09434481275387392,-1,-1,PSSA120,False
587,3.2190394294098756e-06,-0.09434481275387183,-1,-1,PSSA140,True
588,3.213711576605105e-06,-0.09434481275385895,-1,-1,PSSA141,False
589,3.213470782546801e-06,-0.09434481275388286,-1,-1,PSSA160,True
590,5.104191243318623e-06,-2.2228722322548133e-07,-1,-1,PSSA161,True
591,3.1877924441120475e-06,-0.0943448127538777,-1,-1,PSSA180,False
592,5.063692985807222e-06,-4.5248220091609337e-07,-1,-1,PSSA181,True
593,-8.712611174938045e-06,1.92532317558336e-06,-1,-1,SERTRS,False
594,-2.2094929674337793e-06,2.293838588407482e-06,-1,-1,GLNTRS,False
595,-1.328410145766401e-06,2.3532369919782026e-06,-1,-1,PGLUSYN,False
596,3.501472402137745e-05,-3.2484981770802834e-06,-1,-1,UAMAGS,True
597,2.499803946558188e-06,2.9149999311722796e-06,-1,-1,GCALDD,True
598,2.0933247393134513e-06,2.2999277869140133e-06,-1,-1,GLYCLTDx,False
599,8.38588175820082e-06,1.6542541422942536e-06,-1,-1,GRTT,True
600,-1.8005186057448719e-06,-0.09434481275387983,-1,-1,HISTP,True
601,3.719265807416994e-07,6.263889698515657e-06,-1,-1,HISTRS,False
602,1.7002661036769062e-05,3.0612391163226116e-06,-1,-1,MGCH,False
603,7.677753210769134e-07,1.759289611644177e-06,-1,-1,HSDy,True
604,5.967124998000617e-06,3.2127970979733966e-06,-1,-1,MOADSUx,True
605,2.0658143895513348e-06,2.2933283543302707e-06,-1,-1,IGPDH,True
606,1.1545186948923314e-05,2.4000024524684083e-06,-1,-1,PRMICI,True
607,-1.62509285162038e-06,2.3960294413399863e-06,-1,-1,ILETRS,False
608,1.5723951148002846e-06,2.2445905783208264e-06,-1,-1,IPPMIb,True
609,1.5639376756276802e-06,2.4046184341902643e-06,-1,-1,3OAR40,True
610,2.322016600331267e-06,-5.053377221508892e-06,-1,-1,ALAGLUE,False
611,1.9194531437290163e-05,2.4200376280425484e-06,-1,-1,DHDPRy,True
612,-1.4326596672400993e-06,2.4015748199129883e-06,-1,-1,LEUTRS,False
613,1.956672198696885e-06,3.0431677973258298e-06,-1,-1,MCITD,False
614,-8.015239563560067e-05,-4.793000683643578e-05,-1,-1,TRDR,True
615,4.5509447636510325e-05,3.042030845612498e-06,-1,-1,MME,False
616,7.005048203410913e-06,2.439693462405468e-06,-1,-1,DPR,True
617,2.922425931438377e-06,-6.550428921633933e-05,-1,-1,UAGPT3,True
618,5.398819542036526e-05,-1.6074594789861063e-05,-1,-1,UDCPDP,True
619,3.5551878238074264e-06,1.9187379340507293e-06,-1,-1,FTHFCL,False
620,4.496636423351186e-06,-5.619881840197849e-05,-1,-1,LPADSS,True
621,4.686549853666344e-06,-5.6113092261333986e-05,-1,-1,LPADSSN,False
622,0.0006730619954773698,-0.000521951196281692,-1,-1,RNDR4,False
623,-2.2972303945212325e-07,-5.2653930144933025e-05,-1,-1,UPLA4FNT,True
624,8.74268644550577e-05,-1.7823181786280617e-06,-1,-1,CYTK1,False
625,0.00016206495674492977,-2.187691052715768e-06,-1,-1,RNDR3,True
626,0.0035723214472169126,-0.0010266235788382733,-1,-1,DTMPK,True
627,-0.0002555929574435539,-2.13462242473067e-05,-1,-1,NTPP7,False
628,-6.819209950242877e-06,2.03759230348044e-06,-1,-1,DGK1,False
629,2.2582482186103703e-06,3.3182994645802877e-06,-1,-1,NTPP1,False
630,4.216051907775242e-05,-1.0390726665338024e-06,-1,-1,CYTK2,False
631,1.605930104155162e-05,-2.0940226738708212e-07,-1,-1,NTPP3,False
632,3.7992160640362704e-05,2.462846555625897e-06,-1,-1,DADK,False
633,-1.393128063811866e-07,3.455996820320162e-06,-2,-1,NTPP5,False
634,1.4663450833965475e-05,-0.09434481275386981,-1,-1,RNDR1,True
635,2.1710056065521455e-06,3.1653325165137414e-06,-1,-1,4HBCOAH,False
636,1.5285610558968266e-06,2.9483564394361395e-06,-1,-1,GHBDHy,False
637,1.9924964128059663e-06,-1.1422508214703475e-06,-1,-1,3HOPCD,False
638,2.1225311414921344e-06,2.2836810416454467e-06,-1,-1,OGMEACPR,False
639,-1.2026394922239059e-05,-0.09434481275387777,-1,-1,PDX5PS,True
640,1.6323593010833526e-06,-2.6378197904242118e-05,-1,-1,PERD,True
641,-5.743072336472643e-06,-6.816082483013242e-07,-1,-1,G5SADs,True
642,5.031386282258743e-06,1.2302357524224261e-06,-1,-1,PRO1y,False
643,-7.518251337691739e-06,3.884523787536787e-06,-1,-1,PROTRS,False
644,3.100100414460405e-06,-0.09434481275387367,-1,-1,PGSA140,True
645,3.0920154193356253e-06,-0.09434481275388504,-1,-1,PGSA160,True
646,3.8100188183148864e-06,-2.8033544759165085e-07,-1,-1,PGSA161,True
647,3.7722259543238046e-06,-5.242073569666772e-07,-1,-1,PGSA181,True
648,-1.4497915066802314e-06,2.3813082168228084e-06,-1,-1,PHETRS,False
649,1.7666144484715374e-06,7.847027045093657e-07,-1,-1,AIRCr,True
650,1.066223775471331e-06,1.1721046710155836e-06,-1,-1,PRAIS,True
651,2.812243395566849e-05,1.6710455344320918e-06,-1,-1,G5SD,True
652,1.1687617903655134e-05,-5.30007838623614e-05,-1,-1,RBFSa,True
653,9.018728135828935e-08,-0.09434481275386347,-1,-1,SELNPS,False
654,-4.8047260905806355e-06,-0.09434481275387958,-1,-1,SHCHD2,True
655,1.0177019439810975e-06,2.3413622827483938e-06,-1,-1,THRPDC,True
656,3.498231253402928e-06,-0.09434481275388536,-1,-1,BZDH,False
657,1.7437564253305893e-06,2.933987480108202e-06,-1,-1,VNDH_2,False
658,3.518998010966501e-06,-0.09434481275388319,-1,-1,PHEPC,False
659,-1.5858479912589374e-06,2.7319411657761306e-06,-1,-1,THRTRS,False
660,5.906863330525092e-06,-1.979909754326603e-06,-1,-1,IGPS,True
661,-2.670408839867966e-06,-3.993647208891393e-06,-1,-1,TRPTRS,False
662,3.6516806239603183e-06,-1.8205614724986496e-05,-1,-1,UACGAMDH,False
663,5.8590797485796875e-06,-0.0004351798351560354,-1,-1,UDPGDC,True
664,-1.3768125757748773e-06,2.4085353711594815e-06,-1,-1,VALTRS,False
665,1.495319007026319e-06,3.069250381737554e-06,-1,-1,HVCD,False
666,1.0118505418751922e-06,3.268372508177797e-06,-1,-1,VECOAH,False
667,2.180410335762828e-06,-6.439628323501312e-07,-1,-1,5HBZIDS2,True
668,4.810652807364646e-06,-0.09434481275388218,-1,-1,PMEACPE,False
669,3.7887428687780056e-06,3.886645699544e-06,-1,-1,SHCHCC,True
670,1.3814263822992112e-06,3.4434105223579703e-06,-1,-1,CPC6R,True
671,3.4576826923940485e-06,2.8532030791755814e-06,-1,-1,ADOCBIK,False
672,2.526611387568267e-06,4.177620792217285e-07,-1,-1,DNTPPA,True
673,2.678000744061465e-05,2.807023477435777e-06,-1,-1,KARA2,True
674,1.9633059334209224e-05,2.7170324253117384e-06,-1,-1,KARA1,False
675,-4.4659305127106586e-05,2.939203052096384e-06,-1,-1,BPNT,False
676,8.210954970208628e-06,-2.9479508007607125e-06,-1,-1,DHPS2,True
677,1.651170441221983e-05,7.486297753100946e-07,-1,-1,DXPRIi,True
678,5.0631197476211365e-06,2.8325395247524865e-06,-1,-1,MICITDr,False
679,-1.1065817667139932e-05,1.7879907788370675e-06,-1,-1,ACNPLYS,False
680,3.1725734083651314e-06,-0.00023770889763637115,-1,-1,DDPA,True
681,9.66474794186073e-06,-9.994310380441462e-05,-1,-1,KDOPS,True
682,8.346190210159476e-06,-3.660948313892465e-05,-1,-1,UAGCVT,True
683,1.7462611100055314e-06,4.397056343016792e-06,-1,-1,HOCCD,False
684,3.0752535599927466e-05,-2.8166772560914155e-05,-1,-1,GLUTRR,True
685,1.9005590819257123e-06,2.461281135374138e-06,-1,-1,ACONTb,False
686,3.151523101159459e-06,-4.075382859361487e-06,-1,-1,PGCD,True
687,5.3094764793787386e-06,3.6345388961661618e-06,-1,-1,DMATT,True
688,3.358810163830994e-05,8.409707264317445e-07,-1,-1,CDPMEK,True
689,2.0081421317978687e-05,-1.4947974114595808e-05,-1,-1,CMPDAi,False
690,4.7326349516957356e-06,-6.922460257949292e-05,-1,-1,G3PD1ir,False
691,6.759091236298309e-06,-1.0921008009104338e-05,-1,-1,GLYK,False
692,3.067358524663777e-06,-0.09434481275387284,-2,-1,NORRDX,False
693,2.364885866135147e-06,3.115177780441125e-06,-2,-1,3MMD,False
694,1.8255493179908377e-06,3.2495914302071993e-06,-1,-1,CYTBCYTC,False
695,1.7973360472087196e-06,3.59334008950829e-06,-1,-1,CYOO2pp,False
696,1.7973360460638022e-06,3.59334008950829e-06,-1,-1,NO3R3pp,False
697,1.8414292454124737e-06,3.593340089064201e-06,-1,-1,PPCCYTC1pp,False
698,1.6009853201492952e-07,1.7595296633449165e-06,-1,-1,ASR2,False
699,2.906690705804793e-05,5.133861334452594e-06,-1,-1,HMBS,True
700,2.0906535225517775e-06,2.8035901463024926e-06,-2,-1,IPMD,True
701,-1.9419771775427974e-05,-0.09434481275389453,-1,-1,PMPK,True
702,1.5762734250704402e-06,-0.0943448127538893,-1,-1,GMAND,False
703,9.873830331130762e-08,-0.00022167877165242544,-1,-1,PMANM,False
704,2.139781144480657e-06,-2.6787487800855603e-06,-1,-1,PGM,True
705,-8.631218838445198e-05,1.8298855171405837e-06,-2,-1,SHKK,True
706,9.647367095910742e-06,2.176981315701876e-06,-1,-1,PRAMPC,True
707,7.67204826092327e-07,1.8726262612095423e-06,-1,-1,NADS1,True
708,7.146652920564378e-07,-2.8496637047473183e-05,-1,-1,G3PD2,False
709,1.5305682540281418e-05,-1.5136321573419598e-05,-1,-1,ACGAMT,False
710,0.00010957052250613886,-4.062277057606534e-05,-1,-1,PAPPT3,True
711,4.677777631655056e-06,-1.1618616976308282e-05,-1,-1,USHD,True
712,4.7380671562777255e-06,-1.1641212685667424e-05,-1,-1,USHDN,False
713,1.7206810793139737e-05,-0.00292387898967085,-1,-1,PGL,False
714,4.976489240214599e-06,-0.0008631978455011929,-1,-1,PFK,False
715,2.3268456197170218e-06,-1.7502590721640843e-05,-1,-1,PGK,True
716,1.8986494358316786e-06,-1.0188735992872067e-05,-1,-1,GMHEPK,True
717,1.8524371235978387e-06,-6.552686518364326e-05,-1,-1,E4PD,True
718,1.9064508808910863e-06,2.3161893989848137e-06,-1,-1,EAR140x,False
719,1.9064508830768379e-06,2.3161893989848137e-06,-1,-1,EAR140y,False
720,2.175363785827944e-06,2.805024466964734e-06,-1,-1,EAR160x,False
721,2.175363785106299e-06,2.805024466964734e-06,-1,-1,EAR160y,False
722,2.2263590466822802e-06,2.7948570098662584e-06,-1,-1,EAR161x,False
723,2.226359046050841e-06,2.7948570098662584e-06,-1,-1,EAR161y,False
724,9.735723289910903e-07,3.3362901731004424e-06,-1,-1,3OAR100,True
725,2.2531423280250373e-06,2.944031281024162e-06,-1,-1,EAR80x,False
726,2.2531423265886863e-06,2.944031281024162e-06,-1,-1,EAR80y,False
727,9.27353781751683e-07,3.3070832406306705e-06,-1,-1,3OAR120,True
728,2.250475504277094e-06,2.9874260221579574e-06,-1,-1,EAR100x,False
729,2.250475505519156e-06,2.9874260221579574e-06,-1,-1,EAR100y,False
730,2.2505779475531784e-06,3.120563127054221e-06,-1,-1,3OAR121,False
731,2.2779897120434045e-06,3.2909208678572055e-06,-1,-1,T2DECAI,False
732,1.673186292107387e-06,2.5051458862751508e-06,-1,-1,3OAR140,True
733,2.171299556930073e-06,2.6990588621877976e-06,-1,-1,EAR120x,False
734,2.1712995558476056e-06,2.6990588621877976e-06,-1,-1,EAR120y,False
735,2.0218186685683204e-06,3.3906841934577825e-06,-1,-1,3OAR141,False
736,2.4058536509802275e-06,3.259439621802751e-06,-1,-1,EAR121x,False
737,2.405853649981027e-06,3.259439621802751e-06,-1,-1,EAR121y,False
738,1.5855501082906454e-06,3.2370917693452794e-06,-1,-1,3OAR160,False
739,1.51506409515334e-06,3.2889533408270166e-06,-1,-1,3OAR161,False
740,2.1979471705319e-06,2.775783090089301e-06,-1,-1,EAR141x,False
741,2.197947170323733e-06,2.775783090089301e-06,-1,-1,EAR141y,False
742,1.4968652370037083e-06,3.289479967374942e-06,-1,-1,3OAR180,False
743,1.567259602590354e-06,3.291400133817457e-06,-1,-1,3OAR181,True
744,2.069032012760874e-06,3.2244038298684385e-06,-1,-1,3OAR60,True
745,2.3835087232595975e-06,3.3860169717653266e-06,-1,-1,EAR40x,False
746,2.3835087247653375e-06,3.3860169717653266e-06,-1,-1,EAR40y,False
747,2.1297459038213673e-06,3.4127947239753764e-06,-1,-1,3OAR80,True
748,2.4016950538538473e-06,3.2575055999711777e-06,-1,-1,EAR60x,False
749,2.401695051314212e-06,3.2575055999711777e-06,-1,-1,EAR60y,False
750,-7.761388090901655e-07,2.9718029069120133e-06,-1,-1,APH141,False
751,-2.477583562879304e-06,-0.0943448127538761,-1,-1,APH180,False
752,-2.761314773433443e-07,2.968265671518533e-06,-1,-1,APH120,False
753,2.1345254380689127e-06,1.0979409401229434e-06,-1,-1,APG3PAT120,False
754,2.1239763869293493e-06,1.1560485411593602e-06,-1,-1,APG3PAT140,True
755,2.0998786573744876e-06,1.069415740004298e-06,-1,-1,APG3PAT141,False
756,2.096124092743068e-06,1.0830734127748043e-06,-1,-1,APG3PAT160,True
757,2.1062688390222073e-06,1.0797731014172696e-06,-1,-1,APG3PAT161,True
758,2.0794723173608864e-06,9.837118795513744e-07,-1,-1,APG3PAT180,False
759,2.19434461978113e-06,2.8796147573534325e-06,-1,-1,EAR180x,False
760,2.1943446210717643e-06,2.8796147573534325e-06,-1,-1,EAR180y,False
761,2.0627460282154897e-06,1.0172062035324059e-06,-1,-1,APG3PAT181,True
762,2.2363707851830172e-06,2.8626687147842445e-06,-1,-1,EAR181x,False
763,2.236370781921737e-06,2.8626687147842445e-06,-1,-1,EAR181y,False
764,-2.9536382627551316e-06,-0.09434481275388884,-1,-1,MOAT2,True
765,2.5115632871566818e-06,4.7635266624268535e-07,-1,-1,MOAT2N,False
766,3.083401919734552e-06,-0.00016710818645168657,-1,-1,HEPT1,True
767,-1.6228633244949608e-06,2.6092743143218966e-06,-1,-1,LIPAabcpp,False
768,2.896857264358954e-06,-0.0001662899151479158,-1,-1,HEPT1N,False
769,-1.8891876047213985e-06,3.271932653259313e-06,-1,-1,2AGPEAT120,False
770,-1.88918760527651e-06,3.271932653259313e-06,-1,-1,2AGPGAT120,False
771,-2.6328197266153874e-06,3.289540633846788e-06,-1,-1,2AGPEAT141,False
772,-2.63281972685131e-06,3.289540633846788e-06,-1,-1,2AGPGAT141,False
773,6.718765824059725e-06,3.1224787085254446e-06,-1,-1,EGMEACPR,False
774,7.75055523462298e-07,-4.954341338361812e-06,-1,-1,OPMEACPR,True
775,-4.449395062666728e-07,2.8057118490742994e-06,-1,-1,3HAD140,False
776,8.409053565971991e-07,-0.09434481275388698,-1,-1,UAG2E,False
777,2.7303204072279263e-06,-7.587583184948121e-06,-1,-1,DHPPDA2,True
778,2.9299565821941376e-06,8.388470024406347e-06,-1,-1,4PEPTabcpp,False
779,2.150146307590417e-06,6.356507705335135e-06,-1,-1,AGM4PA,False
780,2.339408426234313e-06,7.056594896331925e-06,-1,-1,AM4PA,False
781,1.0637920239080223e-05,-3.1235993342287882e-06,-1,-1,UM3PL,False
782,2.4576501051476463e-06,3.332920429158226e-06,-1,-1,AGM3PA,False
783,3.4691235981793023e-07,7.919298315978152e-06,-1,-1,AGM3PH,False
784,1.933591201375151e-06,9.024253058084741e-06,-1,-1,AGM4Pt2pp,False
785,9.657253987840203e-05,-3.06513706896383e-05,-1,-1,UGMDDS,True
786,1.4692351165759843e-06,7.324877503239735e-06,-1,-1,AGM4PH,False
787,3.2061352640971874e-06,4.836915187669821e-06,-1,-1,AM3PA,False
788,3.7113678025224583e-05,-2.3445580280292977e-05,-1,-1,UAPGR,True
789,1.5120356287243175e-06,-2.20946359417995e-06,-1,-1,UM4PL,False
790,2.589849281416784e-05,2.583931228691827e-06,-1,-1,PANTS,True
791,2.4821359393828457e-06,2.716618963602424e-06,-1,-1,CBMKr,False
792,6.350180260038252e-06,4.23692278199439e-06,-1,-1,MPTSS,True
793,5.374913875554055e-06,3.9598381170041774e-06,-1,-1,CITCIb,False
794,3.0067865353089474e-06,1.9212914732918973e-06,-1,-1,DAGK120,False
795,3.1013474347252323e-06,-0.09434481275387445,-1,-1,PGSA120,False
796,3.0056110716866757e-06,1.9166329457281917e-06,-1,-1,DAGK140,False
797,2.998594551620326e-06,1.923823183008766e-06,-1,-1,DAGK141,False
798,3.0923387088557797e-06,-0.09434481275388147,-1,-1,PGSA141,False
799,2.998276062246563e-06,1.923408125673043e-06,-1,-1,DAGK160,False
800,3.4060469014038364e-06,1.9426788373522186e-06,-1,-1,DAGK161,False
801,2.9722430706161096e-06,1.9278546097567517e-06,-1,-1,DAGK180,False
802,3.0634107601595906e-06,-0.09434481275388072,-1,-1,PGSA180,False
803,3.3782622475414525e-06,1.9492948864080484e-06,-1,-1,DAGK181,False
804,2.4141832682067488e-05,1.0910702080008106e-06,-1,-1,KDOPP,True
805,1.0732140362450238e-05,-3.7681314343923633e-06,-1,-1,MOAT,True
806,1.2428767349997871e-05,-3.633576856468257e-06,-1,-1,MOATN,False
807,3.0073567145808e-05,1.6560341307841897e-06,-1,-1,PNTK,True
808,-3.867786923010541e-06,1.6287417921451164e-06,-1,-1,PPCDC,True
809,4.458443193792322e-05,5.966213471597648e-07,-1,-1,UAAGDS,True
810,2.9564987512609164e-06,8.040929922376039e-06,-1,-1,3PEPTabcpp,False
811,0.0002428632189786853,-9.88328676029826e-06,-1,-1,DCMPDA,False
812,0.0006494835384597206,-2.0417092528729475e-06,-1,-1,DUTPDP,False
813,0.010884439540625727,-0.09434481275387689,-1,-1,TDPGDH,False
814,9.665995629598578e-06,-4.6855035117102095e-05,-1,-1,HEPT2,True
815,-1.079123469038823e-05,-0.09434481275388483,-1,-1,HEPT5,True
816,9.768939741465477e-06,-4.669815808129585e-05,-1,-1,HEPT2N,False
817,-1.085205417209606e-05,-0.09434481275388036,-1,-1,HEPT5N,False
818,3.978216614616836e-06,-0.01450933050391133,-1,-1,G6PDH2r,False
819,-6.809210669895399e-05,-0.09434481275388076,-1,-1,HEX1,False
820,1.4368005833292896e-06,-3.87982049353669e-05,-1,-1,GLA,False
821,-3.573366504548703e-06,2.175084026227736e-05,-1,-1,UDPGLDC,False
822,9.82265416629713e-07,-4.520626722293031e-06,-1,-1,AMPMS2,True
823,-7.614245887556381e-06,-0.0943448127538799,-1,-1,UPLA4FNF,True
824,8.867588328770326e-07,-3.324619810933516e-05,-1,-1,HEX4,False
825,-8.754656267186134e-06,2.3830172310723707e-06,-1,-1,PSD120,False
826,-8.934957649794906e-06,2.3833803131506626e-06,-1,-1,PSD141,False
827,-9.518075224555778e-06,2.3839587357937786e-06,-1,-1,PSD180,False
828,7.72637032718515e-06,4.037977710910634e-06,-1,-1,DHNPA2r,True
829,5.0450080628580696e-06,3.914653255374101e-06,-1,-1,IPPMIa,True
830,5.530577829759853e-06,3.639637375263405e-06,-1,-1,3HAD40,True
831,3.2929878552717673e-06,-5.374102446165097e-06,-1,-1,TDSK,True
832,3.7511496249198473e-06,-5.28970168085785e-06,-1,-1,TDSKN,False
833,0.0004610799978018651,-1.8136052724465612e-06,-1,-1,NDPK6,False
834,3.883291013757895e-06,-1.9472475432102954e-06,-1,-1,UDCPPtppi,True
835,1.9342714321218812e-06,4.259677642212689e-06,-1,-1,OCHCCH,False
836,4.695410345902096e-06,3.994551292449411e-06,-1,-1,OGMEACPD,False
837,9.348614635577845e-06,-1.267014219825946e-05,-1,-1,PMDPHT,True
838,3.6560950154862493e-07,5.400946749625768e-06,-1,-1,SELCYSS,False
839,2.0573484893204874e-06,3.653886326879241e-06,-1,-1,BZALDH,False
840,2.0490742844089804e-06,3.6114033699768955e-06,-1,-1,PHEPS,False
841,-4.1722794526521945e-06,5.9799854042058564e-06,-1,-1,ALCD1,False
842,3.871453723693075e-06,5.979979044876127e-06,-1,-1,EPMEACPR,False
843,5.627522300072352e-06,3.8057189702261907e-06,-1,-1,DNMPPA,True
844,1.8733552021310551e-06,2.2336962702679264e-06,-1,-1,HPPK2,True
845,1.5923969187203735e-05,-7.101399756667681e-06,-1,-1,DHQS,True
846,-5.648324531140614e-05,-5.474341251837656e-07,-2,-1,G1SAT,True
847,4.089804628154559e-06,-0.09434481275387836,-1,-1,RDXR,False
848,2.8631083417704484e-05,5.830054512975802e-06,-1,-1,PPBNGS,True
849,4.95245046930326e-07,5.184230495863806e-07,-1,-1,HMPK1,False
850,1.2108199158727961e-06,-0.09434481275388898,-1,-1,GDMANE,False
851,1.8647937577435936e-05,6.066428066830998e-07,-1,-1,SHK3Dr,True
852,4.86748671420234e-06,-2.5331728044364343e-07,-1,-1,GMHEPPA,True
853,5.768277193118898e-06,3.2795839129129423e-06,-1,-1,3HAD160,False
854,6.391477096974463e-06,3.27780625757057e-06,-1,-1,3HAD161,False
855,8.031529942935378e-06,3.5825714032600153e-06,-1,-1,3HAD100,True
856,5.387224707671667e-06,3.57570824982556e-06,-1,-1,3HAD80,True
857,8.0778385994143e-06,3.138100230823393e-06,-1,-1,3HAD120,True
858,4.92150152740789e-06,4.006384655183548e-06,-1,-1,3HAD121,False
859,5.162894712827659e-06,3.2743771965215718e-06,-1,-1,3HAD141,False
860,6.379059403267828e-06,3.492672051616519e-06,-1,-1,3HAD180,False
861,6.504654982614211e-06,3.4740720407516745e-06,-1,-1,3HAD181,True
862,5.3813996165053e-06,4.047424876446604e-06,-1,-1,3HAD60,True
863,-8.038932878887128e-07,4.297410233458643e-06,-1,-1,2AGPEAT180,False
864,-8.03893286174806e-07,4.297410233458643e-06,-1,-1,2AGPGAT180,False
865,-4.225099321283898e-06,2.3079383018459465e-06,-1,-1,K2L4Aabcpp,False
866,8.091108154216486e-06,-0.00010855588440890351,-1,-1,AGMHE,True
867,2.8018794306500228e-06,4.455159116775742e-06,-1,-1,OPMEACPD,False
868,-2.8859168093031684e-06,9.78020960690218e-07,-1,-1,UACMAMO,False
869,6.996981508577971e-06,-9.341655835035101e-06,-1,-1,APRAUR,True
870,-2.0911427524583637e-06,-0.09434481275387416,-1,-1,AGMH,False
871,-2.9268073976768116e-06,9.289800269124404e-06,-1,-1,ANHMK,False
872,1.6473993979040924e-06,1.0098101310737628e-05,-1,-1,AGM3Pt2pp,False
873,-2.0915468736948384e-06,1.0444804389747597e-05,-1,-1,ACGAMK,False
874,-5.307967811472858e-06,2.234108418749936e-06,-1,-1,PGPP120,False
875,-5.491337846399991e-06,2.2346765622544007e-06,-1,-1,PGPP141,False
876,-6.083766635626986e-06,2.235580742637744e-06,-1,-1,PGPP180,False
877,0.010887028259246985,-0.0943448127538648,-898,-1,TDPDRE,False
878,5.41785036577147e-07,1.2559694301361723e-05,-1,-1,GM1LIPAabcpp,True
879,5.415212371365219e-07,1.2560576878678509e-05,-1,-1,GM2LIPAabcpp,False
880,-3.523792118764746e-06,-0.003894395527794317,-1,-1,AMALT1,False
881,-2.7538764440435126e-06,-0.004087042335602711,-1,-1,AMALT2,False
882,-2.6092464498125856e-06,-0.004618868757212513,-1,-1,AMALT3,False
883,-2.7356282481794114e-06,-0.003848081854035665,-1,-1,AMALT4,False
884,-3.7358353195959815e-06,6.999594940743092e-07,-1,-1,ULA4Ntppi,True
885,1.7153262262419033e-05,-1.8246896189150208e-06,-1,-1,DHQTi,True
886,1.99187030534842e-06,2.4132102942373e-05,-1,-1,ROO,False
887,7.52239223765494e-07,2.843715464925789e-06,-1,-1,GOFUCR,False
888,6.478095186834842e-06,4.832748555144706e-06,-1,-1,GMHEPAT,True
889,4.3732657101225314e-07,1.1972143968849713e-05,-1,-1,AGMt2pp,False
890,0.010886628377796137,0.0003256883002519667,-898,-1,TDPDRR,False
891,-1.3391697960239701e-05,0.006207904396769812,-1,-1,MOTH1,False
892,-1.395827883890477e-05,0.006850924312780102,-1,-1,MOTH2,False
893,-1.1230960932639977e-06,0.006812139684743354,-1,-1,MOTS1,False
894,-2.274279843512972e-06,0.005838268992041193,-1,-1,MTI,False
895,-1.0573242412159622e-05,0.006869094604931986,-1,-1,MOTH3,False
896,-8.408279344451763e-07,0.007017278247848313,-1,-1,MOTS2,False
897,-1.1431290819124973e-05,0.006876611558194162,-1,-1,MOTH4,False
898,-8.644170412588914e-07,0.007004876914538022,-1,-1,MOTS3,False
899,1.275499307770711e-07,0.006739349683689305,-1,-1,MOTS4,False
